AO,Edad,Fuma,CS
0,27,1,-5.14627
0,32,1,-4.3859
0,37,1,-3.62553
0,42,1,-2.86515
0,47,1,-2.10478
1,27,1,-3.96206
1,32,1,-3.20169
1,37,1,-2.44132
1,42,1,-1.68095
1,47,1,-0.92058
0,27,2,-4.08548
0,32,2,-3.32511
0,37,2,-2.56474
0,42,2,-1.80437
0,47,2,-1.044
1,27,2,-2.90128
1,32,2,-2.14091
1,37,2,-1.38053
1,42,2,-0.62016
1,47,2,0.14021
0,27,3,-3.0247
0,32,3,-2.26433
0,37,3,-1.50395
0,42,3,-0.74358
0,47,3,0.01679
1,27,3,-1.84049
1,32,3,-1.08012
1,37,3,-0.31975
1,42,3,0.44062
1,47,3,1.20099
